,districtCd,stationId,stationName,stationSeq,x,y
0,2,233001064,경진여객차고지,1,126.8164,37.07295
1,2,233001434,조암시장,2,126.8156167,37.0815333
2,2,233000992,장안여자중학교,3,126.8152333,37.07855
3,2,233000496,사곡사거리,4,126.8152167,37.0748333
4,2,233002511,장안우체국,5,126.81385,37.0721667
5,2,233000993,사곡1리,6,126.8092167,37.0690833
6,2,233001776,장자터,7,126.8021667,37.0664833
7,2,233000485,기아생활관,8,126.7956167,37.0643833
8,2,233001554,화산삼거리,9,126.7924667,37.0626667
9,2,233002268,기아2차아파트앞,10,126.7929,37.0604667
10,2,233000473,석천1리포도원,11,126.7937667,37.0580667
11,2,233001383,두레자연중고등학교,12,126.7952833,37.0564
12,2,233001583,이화1리마을회관(회차),13,126.7897667,37.0427667
13,2,233001584,이화1리,14,126.7951,37.0468167
14,2,233001048,이화2리앞(이화병원),15,126.7974,37.0421833
15,2,233001049,이화3리입구,16,126.80005,37.04035
16,2,233000471,슈마타운,17,126.8034833,37.03605
17,2,233000470,애덕가정,18,126.8023,37.0328
18,2,233001052,이화리종점,19,126.79655,37.0282
19,2,233001053,이화리종점,20,126.7967333,37.02815
20,2,233001051,애덕의.가정,21,126.8024833,37.0327167
21,2,233001050,슈마타운,22,126.8035,37.0363
22,2,233000469,이화3리입구,23,126.8002,37.0404667
23,2,233000468,이화2리앞,24,126.7976333,37.0422833
24,2,233001047,이화1리앞,25,126.7952167,37.0471333
25,2,233001384,두레자연중고교,26,126.7954667,37.05645
26,2,233001054,석천1리포도원,27,126.7939,37.0581833
27,2,233001057,기아2차아파트앞,28,126.79305,37.06045
28,2,233001011,화산삼거리,29,126.7925167,37.06255
29,2,233000477,기아생활관,30,126.7958667,37.0643167
30,2,233001780,장자터,31,126.80225,37.0664167
31,2,233000476,사곡1리,32,126.80925,37.0689
32,2,233002512,장안우체국,33,126.81395,37.0721167
33,2,233000487,사곡사거리,34,126.81535,37.0749167
34,2,233000486,장안여자중학교,35,126.8154333,37.0786
35,2,233001434,조암시장,36,126.8156167,37.0815333
36,2,233000412,경진여객차고지,37,126.8163,37.0729833
