,districtCd,stationId,stationName,stationSeq,x,y
0,2,233001064,경진여객차고지,1,126.8164,37.07295
1,2,233000487,사곡사거리,2,126.81535,37.0749167
2,2,233000486,장안여자중학교,3,126.8154333,37.0786
3,2,233002625,조암농협,4,126.8174667,37.082
4,2,233000930,조암GS주유소,5,126.8193667,37.0827833
5,2,233000402,어은삼거리,6,126.8269167,37.0861167
6,2,233001645,어은리,7,126.8373833,37.0864167
7,2,233000512,독정3리,8,126.8591667,37.0798
8,2,233000511,독정4리,9,126.8610833,37.0818833
9,2,233000937,수촌2리.용당골,10,126.862,37.08875
10,2,233001794,발안식염온천,11,126.8663833,37.0927333
11,2,233001795,독정4리,12,126.8692,37.0793
12,2,233001132,독정4리마을회관,13,126.8671167,37.0790333
13,2,233001773,독정3리,14,126.86405,37.0796667
14,2,233000506,독정3리.거묵골,15,126.8590833,37.07985
15,2,233001646,어은리,16,126.8373833,37.0865
16,2,233001387,어은삼거리,17,126.8267667,37.0863
17,2,233001366,장안초등학교,18,126.8236167,37.0849167
18,2,233000373,조암GS주유소,19,126.8192667,37.0829833
19,2,233001434,조암시장,20,126.8156167,37.0815333
20,2,233000992,장안여자중학교,21,126.8152333,37.07855
21,2,233000496,사곡사거리,22,126.8152167,37.0748333
22,2,233000412,경진여객차고지,23,126.8163,37.0729833
