,districtCd,stationId,stationName,stationSeq,x,y
0,2,233001064,경진여객차고지,1,126.8164,37.07295
1,2,233000487,사곡사거리,2,126.81535,37.0749167
2,2,233000486,장안여자중학교,3,126.8154333,37.0786
3,2,233001434,조암시장,4,126.8156167,37.0815333
4,2,233000992,장안여자중학교,5,126.8152333,37.07855
5,2,233000496,사곡사거리,6,126.8152167,37.0748333
6,2,233000412,경진여객차고지,7,126.8163,37.0729833
